{
	"system" : {
		"platform" : "windows64",
		"os_name" : "Windows 10",
		"os_version" : "10.0"
	},
	"error" : {
		"executable" : "quartus",
		"comment" : "not_applicable",
		"error_message" : "Access Violation at 0X00007FFB2296C2E3",
		"source_file" : "unknown",
		"line" : "0",
		"stack_trace" : "\t0x7ffb2296c2e2: MSVCR120 + 0x3c2e2 (memcmp + 0x92)\n\t0x7ffa698242e4: resr_tmwq + 0x142e4 (?compare@?$basic_string@DU?$char_traits@D@std@@V?$allocator@D@2@@std@@QEBAHAEBV12@@Z + 0x44)\n\t0x7ffa69836a3c: resr_tmwq + 0x26a3c (?start_next_task@TMWQ_TREE@@IEAAX_N@Z + 0x1ac)\n\t 0x51ced1f0: QtCore4 + 0x11d1f0 (?activate@QMetaObject@@SAXPEAVQObject@@PEBU1@HPEAPEAX@Z + 0x520)\n\t0x7ffa698243e7: resr_tmwq + 0x143e7 (?compile_finished@TMWQ_TREE@@QEAAXXZ + 0x27)\n\t 0x51ced1f0: QtCore4 + 0x11d1f0 (?activate@QMetaObject@@SAXPEAVQObject@@PEBU1@HPEAPEAX@Z + 0x520)\n\t0x7ffa69817d90: resr_tmwq + 0x7d90 (?ntfq_msg_post_notify_flow_finish@TMWQ_WIDGET@@UEAA_N_K_N@Z + 0x30)\n\t0x7ffb395b2050: ccl_ntfq + 0x2050 (?dispatch_notify_msg@NTFQ_NOTIFY_TARGET@@IEAA_NPEBVNTFQ_NOTIFY_MAP@@I_K_N@Z + 0x60)\n\t0x7ffb395b210b: ccl_ntfq + 0x210b (?on_ntfq_notify@NTFQ_NOTIFY_TARGET@@UEAA_NI_K_N@Z + 0x3b)\n\t0x7ffb395b2c71: ccl_ntfq + 0x2c71 (?broadcast_notify@NTFQ_NOTIFY_MGR@@UEAA_NI_K@Z + 0xb1)\n\t0x7ffb0deb5abe: sys_flow + 0x5abe (?flow_reset@@YAXPEAUFLOW_INFO@@@Z + 0x6e)\n\t0x7ffb0decbc21: sys_flow + 0x1bc21 (flow_execute_custom + 0x12c1)\n\t0x7ffa698371e9: resr_tmwq + 0x271e9 (?start_next_task@TMWQ_TREE@@IEAAX_N@Z + 0x959)\n\t0x7ffa69836876: resr_tmwq + 0x26876 (?start@TMWQ_TREE@@IEAA_NPEAVTMWQ_ITEM@@@Z + 0x1d6)\n\t0x7ffa6982efff: resr_tmwq + 0x1efff (?on_start@TMWQ_TREE@@IEAAXAEBVQModelIndex@@@Z + 0x2df)\n\t0x7ffa6982e382: resr_tmwq + 0x1e382 (?on_double_click_text@TMWQ_TREE@@QEAAXAEBVQModelIndex@@@Z + 0x122)\n\t 0x51ced1f0: QtCore4 + 0x11d1f0 (?activate@QMetaObject@@SAXPEAVQObject@@PEBU1@HPEAPEAX@Z + 0x520)\n\t 0x5232e599: QtGui4 + 0x46e599 (?doubleClicked@QAbstractItemView@@IEAAXAEBVQModelIndex@@@Z + 0x29)\n\t 0x52368eab: QtGui4 + 0x4a8eab (?mouseDoubleClickEvent@QTreeView@@MEAAXPEAVQMouseEvent@@@Z + 0x15b)\n\t 0x51f21dd8: QtGui4 + 0x61dd8 (?event@QWidget@@MEAA_NPEAVQEvent@@@Z + 0xe8)\n\t 0x522454e6: QtGui4 + 0x3854e6 (?event@QFrame@@MEAA_NPEAVQEvent@@@Z + 0x36)\n\t 0x523387ec: QtGui4 + 0x4787ec (?viewportEvent@QAbstractItemView@@MEAA_NPEAVQEvent@@@Z + 0x4ac)\n\t0x7ffa96c54d76: GCL_AFCQ + 0xb4d76 (?viewportEvent@AFCQ_TREE_VIEW@@MEAA_NPEAVQEvent@@@Z + 0x2b6)\n\t 0x51ce0552: QtCore4 + 0x110552 (?sendThroughObjectEventFilters@QCoreApplicationPrivate@@QEAA_NPEAVQObject@@PEAVQEvent@@@Z + 0x82)\n\t 0x51ee2f81: QtGui4 + 0x22f81 (?notify_helper@QApplicationPrivate@@QEAA_NPEAVQObject@@PEAVQEvent@@@Z + 0xe1)\n\t 0x51ee1b8e: QtGui4 + 0x21b8e (?notify@QApplication@@UEAA_NPEAVQObject@@PEAVQEvent@@@Z + 0x71e)\n\t 0x51cde67b: QtCore4 + 0x10e67b (?notifyInternal@QCoreApplication@@AEAA_NPEAVQObject@@PEAVQEvent@@@Z + 0x7b)\n\t 0x51ee5dee: QtGui4 + 0x25dee (?sendMouseEvent@QApplicationPrivate@@SA_NPEAVQWidget@@PEAVQMouseEvent@@00PEAPEAV2@AEAV?$QPointer@VQWidget@@@@_N@Z + 0x1de)\n\t 0x51f469b0: QtGui4 + 0x869b0 (?trUtf8@QScrollBar@@SA?AVQString@@PEBD0H@Z + 0x1440)\n\t 0x51f4a361: QtGui4 + 0x8a361 (?winMouseButtonUp@QApplication@@SAXXZ + 0x2761)\n\t0x7ffb44e11c4b: USER32 + 0x11c4b (CallWindowProcW + 0x43b)\n\t0x7ffb44e10ea5: USER32 + 0x10ea5 (DispatchMessageW + 0x2b5)\n\t 0x51d03982: QtCore4 + 0x133982 (?processEvents@QEventDispatcherWin32@@UEAA_NV?$QFlags@W4ProcessEventsFlag@QEventLoop@@@@@Z + 0x3e2)\n\t 0x51f42074: QtGui4 + 0x82074 (?openPopup@QApplicationPrivate@@QEAAXPEAVQWidget@@@Z + 0x204)\n\t 0x51cdb5db: QtCore4 + 0x10b5db (?exec@QEventLoop@@QEAAHV?$QFlags@W4ProcessEventsFlag@QEventLoop@@@@@Z + 0x22b)\n\t 0x51cddbbf: QtCore4 + 0x10dbbf (?exec@QCoreApplication@@SAHXZ + 0xdf)\n\t0x7ff70fe5198b: quartus + 0x198b (?qgq_main@@YAHHPEAPEBD@Z + 0x8b)\n\t0x7ffb1f853258: CCL_MSG + 0x13258 (?msg_main_thread@@YAPEAXPEAX@Z + 0x18)\n\t0x7ffb1f854a5e: CCL_MSG + 0x14a5e (?msg_thread_wrapper@@YAPEAXP6APEAXPEAX@Z0@Z + 0x6e)\n\t0x7ffb1f966af0: ccl_mem + 0x16af0 (?mem_thread_wrapper@@YAPEAXP6APEAXPEAX@Z0@Z + 0x70)\n\t0x7ffb1f852af1: CCL_MSG + 0x12af1 (?msg_exe_main@@YAHHPEAPEBDP6AHH0@Z@Z + 0xa1)\n\t0x7ff70fe52777: quartus + 0x2777 (WinMain + 0x127)\n\t0x7ff70fe51f40: quartus + 0x1f40 (__tmainCRTStartup + 0x148)\n\t0x7ffb43d654df: KERNEL32 + 0x154df (BaseThreadInitThunk + 0xf)\n\t0x7ffb4544485a: ntdll + 0x485a (RtlUserThreadStart + 0x2a)\n",
		"subsystem" : "unknown"
	},
	"quartus" : {
		"quartus_bits" : "64",
		"version" : "20.1.1",
		"build" : "720",
		"edition" : "Lite Edition"
	}
}