{
	"partitions" : [
		{
			"name" : "Top",
			"pins" : [
				{
					"name" : "output_led[0]",
					"strict" : false
				},
				{
					"name" : "output_led[1]",
					"strict" : false
				},
				{
					"name" : "output_led[2]",
					"strict" : false
				},
				{
					"name" : "output_led[3]",
					"strict" : false
				},
				{
					"name" : "output_led[4]",
					"strict" : false
				},
				{
					"name" : "output_led[5]",
					"strict" : false
				},
				{
					"name" : "output_led[6]",
					"strict" : false
				},
				{
					"name" : "output_led[7]",
					"strict" : false
				},
				{
					"name" : "outp",
					"strict" : false
				},
				{
					"name" : "inp[0]",
					"strict" : false
				},
				{
					"name" : "inp[4]",
					"strict" : false
				},
				{
					"name" : "inp[5]",
					"strict" : false
				},
				{
					"name" : "inp[6]",
					"strict" : false
				},
				{
					"name" : "inp[7]",
					"strict" : false
				},
				{
					"name" : "inp[3]",
					"strict" : false
				},
				{
					"name" : "inp[1]",
					"strict" : false
				},
				{
					"name" : "inp[2]",
					"strict" : false
				},
				{
					"name" : "clk_50",
					"strict" : false
				}
			]
		}
	]
}